City,Cloudiness,Country,Date,Humidity,Lat,Lng,Max Temp,Wind Speed
Mataura,87,NZ,1600828761,76,-46.19,168.86,59.0,5.99
Inuvik,75,CA,1600828983,87,68.35,-133.72,42.8,2.24
Inírida,55,CO,1600829180,86,3.87,-67.92,77.29,2.35
Chokurdakh,48,RU,1600828765,68,70.63,147.92,48.29,8.46
Esperance,40,AU,1600828856,67,-33.87,121.9,59.0,4.7
Camabatela,83,AO,1600829181,97,-8.19,15.38,61.54,4.14
Albany,0,US,1600828503,51,42.6,-73.97,57.99,5.01
Lagoa,100,PT,1600829181,80,39.05,-27.98,68.41,25.5
Port Hardy,90,CA,1600829182,82,50.7,-127.42,57.2,20.8
Corinth,0,GR,1600828428,57,37.94,22.96,68.0,1.01
Rikitea,100,PF,1600829182,76,-23.12,-134.97,72.75,18.88
Port Blair,100,IN,1600829182,75,11.67,92.75,84.42,6.73
Jamestown,1,US,1600829162,71,42.1,-79.24,55.4,11.41
Sangar,55,RU,1600829183,48,63.92,127.47,53.42,1.77
Lodja,42,CD,1600829183,97,-3.48,23.43,69.19,2.98
Cockburn Town,100,TC,1600829183,81,21.46,-71.14,81.97,14.05
Vaini,20,TO,1600828498,78,-21.2,-175.2,77.0,13.87
Chumikan,49,RU,1600829184,57,54.72,135.31,59.83,4.16
Cape Town,4,ZA,1600828816,87,-33.93,18.42,57.99,10.29
Westport,1,US,1600828803,44,41.14,-73.36,59.0,3.36
Talnakh,40,RU,1600828803,87,69.49,88.4,46.4,15.66
Port Elizabeth,0,ZA,1600828836,81,-33.92,25.57,46.4,2.24
Ushuaia,40,AR,1600828710,75,-54.8,-68.3,41.0,6.93
Qaanaaq,2,GL,1600828764,80,77.48,-69.36,12.38,9.84
Hermanus,33,ZA,1600828754,94,-34.42,19.23,51.01,1.99
Atuona,0,PF,1600828756,69,-9.8,-139.03,78.87,18.92
Bredasdorp,30,ZA,1600828763,93,-34.53,20.04,44.6,2.48
Gornopravdinsk,100,RU,1600828983,86,60.05,69.9,39.04,14.2
Port Lincoln,45,AU,1600828943,68,-34.73,135.87,56.7,15.5
Kirkuk,0,IQ,1600829011,28,35.47,44.39,74.35,2.98
Norman Wells,20,CA,1600828763,41,65.28,-126.83,57.2,5.82
Souillac,75,MU,1600828794,88,-20.52,57.52,62.6,2.24
São Félix do Xingu,50,BR,1600828840,67,-6.64,-51.99,77.77,2.37
San Cristobal,89,VE,1600829186,83,7.77,-72.22,66.69,1.86
Abhā,88,SA,1600828678,12,18.22,42.51,64.4,11.12
Moree,0,AU,1600828804,25,-29.47,149.85,75.2,13.87
Hailey,5,US,1600829186,31,43.52,-114.32,64.4,4.7
Punta Arenas,75,CL,1600828839,81,-53.15,-70.92,42.8,11.41
Ballina,46,AU,1600828704,29,-28.87,153.57,84.0,6.93
Butaritari,2,KI,1600828753,76,3.07,172.79,82.45,17.11
Khatanga,18,RU,1600828755,56,71.97,102.5,51.42,18.52
Pacific Grove,0,US,1600828892,89,36.62,-121.92,63.0,1.01
Tuktoyaktuk,90,CA,1600828508,86,69.45,-133.04,39.2,5.82
Hithadhoo,93,MV,1600828535,67,-0.6,73.08,81.75,5.59
Pisco,0,PE,1600828788,87,-13.7,-76.22,61.0,9.17
Lebu,87,CL,1600828758,85,-37.62,-73.65,48.0,16.8
Airai,12,TL,1600828770,43,-8.93,125.41,79.41,6.42
Petropavl,100,KZ,1600829188,88,54.88,69.16,41.5,20.78
George Town,20,MY,1600828760,78,5.41,100.34,84.2,3.36
Cidreira,0,BR,1600828764,76,-30.18,-50.21,59.05,19.33
Celestún,10,MX,1600829189,81,20.87,-90.4,81.9,10.6
Ilulissat,0,GL,1600828782,73,69.22,-51.1,24.8,4.68
Suihua,96,CN,1600829191,78,46.64,127.0,60.53,7.67
Mataura,87,NZ,1600828761,76,-46.19,168.86,59.0,5.99
Inuvik,75,CA,1600828983,87,68.35,-133.72,42.8,2.24
Inírida,55,CO,1600829180,86,3.87,-67.92,77.29,2.35
Chokurdakh,48,RU,1600828838,68,70.63,147.92,48.29,8.46
Esperance,40,AU,1600829253,67,-33.87,121.9,59.0,4.7
Camabatela,83,AO,1600829254,97,-8.19,15.38,61.54,4.14
Albany,0,US,1600829004,52,42.6,-73.97,57.99,5.01
Lagoa,100,PT,1600828778,80,39.05,-27.98,68.25,25.84
Port Hardy,90,CA,1600828896,82,50.7,-127.42,57.2,20.8
Corinth,0,GR,1600829255,58,37.94,22.96,68.0,1.99
Rikitea,100,PF,1600828754,76,-23.12,-134.97,72.75,19.1
Port Blair,100,IN,1600828956,75,11.67,92.75,84.42,6.73
Jamestown,1,US,1600828754,71,42.1,-79.24,55.4,11.41
Sangar,72,RU,1600829255,49,63.92,127.47,53.24,1.61
Lodja,42,CD,1600829183,97,-3.48,23.43,69.19,2.98
Cockburn Town,100,TC,1600829183,81,21.46,-71.14,81.97,14.05
Vaini,20,TO,1600828498,78,-21.2,-175.2,77.0,13.87
Chumikan,49,RU,1600829184,57,54.72,135.31,59.83,4.16
Cape Town,4,ZA,1600828816,87,-33.93,18.42,57.99,10.29
Westport,1,US,1600828803,44,41.14,-73.36,59.0,3.36
Talnakh,40,RU,1600828803,87,69.49,88.4,46.4,15.66
Port Elizabeth,0,ZA,1600828836,81,-33.92,25.57,46.4,2.24
Ushuaia,40,AR,1600828710,75,-54.8,-68.3,41.0,6.93
Qaanaaq,2,GL,1600828764,80,77.48,-69.36,12.38,9.84
Hermanus,33,ZA,1600828754,94,-34.42,19.23,51.01,1.99
Atuona,0,PF,1600828756,69,-9.8,-139.03,78.87,18.92
Bredasdorp,30,ZA,1600828763,93,-34.53,20.04,44.6,2.48
Gornopravdinsk,100,RU,1600828983,86,60.05,69.9,39.04,14.2
Port Lincoln,45,AU,1600828943,68,-34.73,135.87,56.7,15.5
Kirkuk,0,IQ,1600829011,28,35.47,44.39,74.35,2.98
Norman Wells,20,CA,1600828763,41,65.28,-126.83,57.2,5.82
Souillac,75,MU,1600828794,88,-20.52,57.52,62.6,2.24
São Félix do Xingu,50,BR,1600828840,67,-6.64,-51.99,77.77,2.37
San Cristobal,89,VE,1600829186,83,7.77,-72.22,66.69,1.86
Abhā,88,SA,1600828678,12,18.22,42.51,64.4,11.12
Moree,0,AU,1600828804,25,-29.47,149.85,75.2,13.87
Hailey,5,US,1600829186,31,43.52,-114.32,64.4,4.7
Punta Arenas,75,CL,1600828839,81,-53.15,-70.92,42.8,11.41
Ballina,46,AU,1600828704,29,-28.87,153.57,84.0,6.93
Butaritari,2,KI,1600828753,76,3.07,172.79,82.45,17.11
Khatanga,18,RU,1600828755,56,71.97,102.5,51.42,18.52
Pacific Grove,0,US,1600828892,89,36.62,-121.92,63.0,1.01
Tuktoyaktuk,90,CA,1600828508,86,69.45,-133.04,39.2,5.82
Hithadhoo,93,MV,1600828535,67,-0.6,73.08,81.75,5.59
Pisco,0,PE,1600828788,87,-13.7,-76.22,61.0,9.17
Lebu,87,CL,1600828758,85,-37.62,-73.65,48.0,16.8
Airai,12,TL,1600828770,43,-8.93,125.41,79.41,6.42
Petropavl,100,KZ,1600829188,88,54.88,69.16,41.5,20.78
George Town,20,MY,1600828760,78,5.41,100.34,84.2,3.36
Cidreira,0,BR,1600828764,76,-30.18,-50.21,59.05,19.33
Celestún,10,MX,1600829189,81,20.87,-90.4,81.9,10.6
Ilulissat,0,GL,1600828782,73,69.22,-51.1,24.8,4.68
Suihua,96,CN,1600829191,78,46.64,127.0,60.53,7.67
Bahua,100,IN,1600829260,90,25.85,80.63,79.03,8.81
Pangnirtung,100,CA,1600828799,78,66.15,-65.71,33.42,5.73
Cecina,85,IT,1600829261,10,43.31,10.52,64.0,2.8
Saint-Augustin,97,CA,1600828793,64,51.23,-58.65,48.45,5.91
Half Moon Bay,1,US,1600829261,93,37.46,-122.43,69.01,8.05
Geraldton,0,AU,1600828505,22,-28.77,114.6,78.8,16.11
Tuatapere,57,NZ,1600828887,73,-46.13,167.68,59.0,5.01
Zharkent,98,KZ,1600829262,38,44.16,80.0,62.13,2.21
Dikson,100,RU,1600828780,89,73.51,80.55,41.4,14.52
Ribeira Grande,99,PT,1600828882,84,38.52,-28.7,68.14,26.19
Saskylakh,2,RU,1600828772,56,71.92,114.08,50.0,19.13
Dingle,1,PH,1600828527,72,11.0,122.67,86.83,6.76
Sabha,0,LY,1600829263,34,27.04,14.43,74.01,9.57
Upernavik,100,GL,1600828753,94,72.79,-56.15,26.2,8.72
Lüderitz,0,NA,1600828763,36,-26.65,15.16,63.9,5.59
Nome,90,US,1600828573,61,64.5,-165.41,48.2,10.29
Makkah al Mukarramah,0,SA,1600829263,12,21.43,39.83,87.01,7.45
Palmer,20,US,1600828865,43,42.16,-72.33,55.4,8.05
Haines Junction,100,CA,1600828945,70,60.75,-137.51,45.43,3.31
Kapaa,40,US,1600828776,66,22.08,-159.32,84.2,16.11
Busselton,0,AU,1600828761,48,-33.65,115.33,68.0,4.88
Nishihara,40,JP,1600829264,70,26.18,127.76,86.0,9.17
Bluff,34,NZ,1600828767,76,-46.6,168.33,59.0,5.99
Guider,97,CM,1600829264,87,9.93,13.95,73.06,3.96
Buturlino,69,RU,1600829265,88,55.57,44.9,51.03,11.27
Ponta do Sol,20,PT,1600828961,73,32.67,-17.1,73.4,3.36
Yokadouma,100,CM,1600829265,97,3.52,15.05,68.43,2.1
Port Alfred,0,ZA,1600828857,69,-33.59,26.89,56.57,4.41
Zverinogolovskoye,100,RU,1600829266,84,54.46,64.85,50.14,23.24
Kutina,90,HR,1600829266,93,45.48,16.78,57.2,3.42
Port Hedland,0,AU,1600828905,7,-20.32,118.57,91.4,24.16
La Ronge,40,CA,1600828944,81,55.1,-105.28,46.4,3.22
Čierna nad Tisou,0,SK,1600829267,93,48.42,22.09,55.0,3.36
Vanavara,100,RU,1600828906,72,60.34,102.28,49.37,4.12
Albemarle,1,US,1600829267,100,35.35,-80.2,57.99,3.85
São Filipe,1,CV,1600828936,81,14.9,-24.5,79.97,0.92
Padang,30,ID,1600828790,59,-0.95,100.35,86.94,2.73
Otukpo,100,NG,1600829268,96,7.19,8.13,72.23,5.64
Longyearbyen,20,SJ,1600828776,69,78.22,15.64,33.8,9.17
Ahipara,5,NZ,1600828775,71,-35.17,173.17,63.23,12.5
Coquimbo,90,CL,1600829175,93,-29.95,-71.34,53.6,2.24
Thompson,75,CA,1600828759,66,55.74,-97.86,50.0,11.41
Yarmouth,1,US,1600828806,41,41.71,-70.23,62.01,11.41
Hilo,75,US,1600828765,61,19.73,-155.09,82.4,9.17
Codrington,95,AU,1600828833,70,-38.27,141.97,51.69,17.96
New Norfolk,78,AU,1600828886,73,-42.78,147.06,55.0,9.1
Seymchan,53,RU,1600828980,50,62.88,152.43,47.82,9.53
Kavieng,83,PG,1600828762,60,-2.57,150.8,86.25,8.32
Hong Kong,98,HK,1600828471,73,22.29,114.16,87.01,1.01
Kununurra,0,AU,1600829274,39,-15.77,128.73,95.0,4.7
Ancud,0,CL,1600828758,84,-41.87,-73.82,46.99,1.01
Lavrentiya,100,RU,1600828835,82,65.58,-171.0,40.66,7.25
Balkanabat,0,TM,1600829274,24,39.51,54.37,68.9,6.89
Lahore,0,PK,1600829274,69,31.55,74.34,82.4,5.08
Camaná,24,PE,1600829275,78,-16.62,-72.71,60.91,6.22
Labuhan,95,ID,1600829275,57,-6.88,112.21,88.9,0.4
Provideniya,75,RU,1600828783,61,64.38,-173.3,46.4,15.66
Grand Gaube,9,MU,1600828854,76,-20.01,57.66,68.0,4.0
Yumen,0,CN,1600828775,25,40.28,97.2,67.75,6.42
Quatre Cocos,75,MU,1600829276,88,-20.21,57.76,68.0,2.24
Hobart,40,AU,1600828530,51,-42.88,147.33,59.0,21.92
Pevek,99,RU,1600828839,95,69.7,170.31,39.11,13.02
Notodden,93,NO,1600829276,1,59.56,9.26,57.0,5.77
Vila Velha,90,BR,1600828615,88,-20.33,-40.29,71.6,11.41
Oddur,100,SO,1600828869,79,4.12,43.89,73.47,14.54
Weligama,100,LK,1600829277,85,5.97,80.42,79.16,8.61
Nikolskoye,90,RU,1600828797,93,59.7,30.79,51.8,4.47
Abu Dhabi,90,AE,1600828960,100,24.47,54.37,80.6,3.36
Fairmont,72,US,1600829277,85,39.49,-80.14,53.01,2.24
Kamenka,3,RU,1600829277,74,51.32,42.77,48.0,7.58
Dhidhdhoo,100,MV,1600829278,76,6.88,73.1,82.24,15.55
College,40,US,1600828580,47,64.86,-147.8,55.4,3.36
Naryan-Mar,48,RU,1600828988,95,67.67,53.09,38.66,7.18
Ormara,52,PK,1600829278,38,25.21,64.64,85.24,9.15
Trincomalee,84,LK,1600828846,71,8.57,81.23,83.55,17.05
São Sepé,30,BR,1600829278,81,-30.16,-53.57,53.6,8.05
Kedrovyy,40,RU,1600828922,87,56.17,91.82,46.4,2.24
Mar del Plata,100,AR,1600828840,76,-38.0,-57.56,53.01,6.93
Sultānpur,99,IN,1600829279,90,26.27,82.07,80.11,12.44
Iquitos,63,PE,1600829279,94,-3.75,-73.25,74.57,2.64
Joshīmath,1,IN,1600828986,36,30.57,79.57,69.13,3.0
Puerto Ayora,46,EC,1600828864,84,-0.74,-90.35,68.0,8.01
Hambantota,75,LK,1600828761,94,6.12,81.12,78.8,5.82
Vrangel',2,RU,1600829280,71,42.73,133.08,62.82,11.5
Deputatsky,6,RU,1600828813,62,69.3,139.9,45.23,9.64
Pasni,0,PK,1600829280,34,25.26,63.47,84.06,26.71
Avarua,99,CK,1600828758,88,-21.21,-159.78,78.8,12.75
Batagay-Alyta,40,RU,1600828815,52,67.8,130.41,47.75,1.66
Tura,95,IN,1600828843,96,25.52,90.22,75.87,4.99
Palora,22,EC,1600828986,94,-1.7,-77.93,64.22,3.31
Yellowknife,20,CA,1600828516,93,62.46,-114.35,50.0,6.93
Amga,0,RU,1600828898,39,60.9,131.96,58.55,3.42
Sobolevo,0,RU,1600828883,91,54.43,31.9,50.27,5.5
Havre-St-Pierre,90,CA,1600828675,87,50.23,-63.6,44.6,9.17
Mount Isa,3,AU,1600828845,26,-20.73,139.5,80.6,12.75
Vestmanna,58,FO,1600828976,93,62.16,-7.17,39.2,1.12
Lorengau,98,PG,1600828845,68,-2.02,147.27,85.95,10.22
Buraidah,0,SA,1600828542,36,26.33,43.98,75.2,5.82
Antalaha,58,MG,1600829282,77,-14.9,50.28,68.09,6.49
Dalvik,90,IS,1600828966,90,65.97,-18.53,35.6,5.82
Portland,91,US,1600829157,63,45.52,-122.68,69.01,1.99
Wawa,6,NG,1600829283,94,9.9,4.42,72.88,4.03
Sur,80,OM,1600828906,32,22.57,59.53,87.24,1.88
Carnarvon,0,AU,1600828781,7,-24.87,113.63,86.0,18.34
Tevriz,92,RU,1600829283,85,57.51,72.4,40.64,10.92
São João da Barra,100,BR,1600829284,91,-21.64,-41.05,67.62,28.19
Olinda,20,BR,1600828864,74,-8.01,-34.86,78.8,9.17
Faanui,45,PF,1600828771,81,-16.48,-151.75,78.22,17.0
General Roca,28,AR,1600829284,24,-39.03,-67.58,55.0,5.01
Kruisfontein,0,ZA,1600828626,75,-34.0,24.73,47.28,2.33
Vytegra,88,RU,1600829285,83,61.01,36.45,42.33,5.12
Antofagasta,90,CL,1600828785,82,-23.65,-70.4,57.2,9.17
Hobyo,100,SO,1600829285,83,5.35,48.53,77.63,22.35
Loa Janan,100,ID,1600829285,90,-0.58,117.09,78.44,4.07
East London,0,ZA,1600828855,50,-33.02,27.91,60.39,4.56
Tagusao,97,PH,1600829286,69,9.19,117.81,85.24,4.23
Pampa,1,US,1600828843,42,35.54,-100.96,68.0,9.17
Yar-Sale,14,RU,1600828945,82,66.83,70.83,38.7,14.29
Riyadh,0,SA,1600828767,20,24.69,46.72,77.0,4.7
Nha Trang,20,VN,1600829083,70,12.25,109.18,89.6,3.36
Mahébourg,75,MU,1600828791,88,-20.41,57.7,62.6,2.24
Māngrol,93,IN,1600829286,83,21.12,70.12,83.01,11.54
St Albans,75,GB,1600829287,87,51.75,-0.33,60.01,6.93
Cabo San Lucas,20,MX,1600828862,83,22.89,-109.91,86.0,14.99
Nicoya,100,CR,1600829103,89,10.15,-85.45,76.24,1.01
Cururupu,4,BR,1600828758,88,-1.83,-44.87,75.42,5.01
Mashhad,0,IR,1600829088,62,36.3,59.61,51.8,1.12
Samarinda,100,ID,1600829288,90,-0.5,117.15,77.74,4.32
Eldoret,60,KE,1600829288,87,0.52,35.27,53.6,5.82
Mergen,100,CN,1600829288,84,49.18,125.22,54.48,9.22
Kitimat,100,CA,1600829108,94,54.05,-128.65,52.0,3.33
Sitka,90,US,1600828816,58,57.05,-135.33,57.2,18.34
Mount Gambier,90,AU,1600828981,66,-37.83,140.77,53.6,17.22
Maketu,98,NZ,1600829289,80,-37.77,176.45,66.99,5.01
Flinders,1,AU,1600828568,37,-34.58,150.86,72.0,8.99
Kennett,40,US,1600829293,100,36.24,-90.06,61.0,4.9
Les Cayes,93,HT,1600829294,80,18.2,-73.75,78.8,3.85
Goderich,16,CA,1600829294,67,43.75,-81.72,69.01,13.2
Ruidoso,1,US,1600829145,33,33.33,-105.67,66.2,10.29
Barrow,90,US,1600828752,74,71.29,-156.79,33.8,17.22
Manokwari,30,ID,1600828845,69,-0.87,134.08,84.69,9.69
Tasiilaq,100,GL,1600828752,74,65.61,-37.64,28.4,4.7
Bilibino,100,RU,1600828835,80,68.05,166.44,36.7,3.78
Kaeo,41,NZ,1600828925,72,-35.1,173.78,66.0,11.01
Iqaluit,90,CA,1600828796,86,63.75,-68.51,35.01,17.22
Jacareacanga,98,BR,1600828844,93,-6.22,-57.75,74.28,1.88
Torbay,90,CA,1600828815,93,47.67,-52.73,55.0,16.11
Saint-Philippe,32,RE,1600828507,52,-21.36,55.77,66.2,8.05
Brzesko,0,PL,1600829296,77,49.97,20.61,57.99,1.01
Dunedin,100,NZ,1600828845,78,-45.87,170.5,55.0,5.01
Jalingo,61,NG,1600829297,90,8.88,11.37,73.92,3.42
Cherskiy,98,RU,1600828806,85,68.75,161.3,42.22,2.68
Chaman,0,PK,1600829297,21,30.92,66.45,68.32,2.46
Praia da Vitória,90,PT,1600829297,93,38.73,-27.07,66.99,21.09
Prince Rupert,90,CA,1600829110,67,54.32,-130.32,57.2,6.93
Marawi,7,PH,1600828822,76,8.0,124.29,84.0,5.01
Alyangula,75,AU,1600828909,55,-13.85,136.42,87.8,11.41
San Patricio,100,MX,1600829298,86,19.22,-104.7,79.79,3.27
Laas,100,IT,1600828809,100,46.62,10.7,55.99,0.4
Rio Grande,68,BR,1600828888,75,-32.03,-52.1,54.7,13.02
Saint Paul Harbor,90,US,1600828517,87,57.79,-152.41,50.0,10.29
Minsk,0,BY,1600829200,100,53.9,27.57,44.6,4.47
Lar,100,IN,1600829299,94,26.2,83.97,77.49,13.56
Ellensburg,100,US,1600829299,60,47.0,-120.55,64.99,10.0
Waipawa,73,NZ,1600829299,93,-41.41,175.52,59.0,28.86
Fairbanks,1,US,1600828804,47,64.84,-147.72,55.4,3.27
Zhangjiakou,100,CN,1600828789,78,40.81,114.88,55.87,7.34
Port-Gentil,100,GA,1600828781,86,-0.72,8.78,75.61,14.56
Ust-Kuyga,38,RU,1600829300,54,70.02,135.6,50.52,6.49
Bitam,100,GA,1600829300,98,2.08,11.5,68.05,2.37
Oktyabr'skoye,0,RU,1600829301,93,43.06,44.74,44.6,6.71
Fortuna,20,US,1600828818,82,40.6,-124.16,62.01,9.17
Lac du Bonnet,33,CA,1600829301,87,50.25,-96.06,69.01,2.68
Clyde River,1,CA,1600828908,85,70.47,-68.59,19.4,3.36
Ngunguru,70,NZ,1600829302,72,-35.62,174.5,66.0,11.01
Avera,1,US,1600829302,93,33.19,-82.53,62.6,2.57
Neuquén,23,AR,1600829302,50,-38.95,-68.06,55.0,3.36
Weiser,1,US,1600829303,37,44.25,-116.97,71.6,4.7
Severo-Kuril'sk,1,RU,1600828494,69,50.68,156.12,51.24,11.27
Chui,100,UY,1600828802,86,-33.7,-53.46,48.54,8.3
Albanel,75,CA,1600829303,66,48.88,-72.45,55.4,8.05
Esim,100,GH,1600829304,88,4.87,-2.24,75.06,10.85
San Antonio del Tequendama,40,CO,1600829304,87,4.62,-74.35,51.8,2.24
Bermeo,0,ES,1600829304,93,43.42,-2.72,62.01,3.36
Porto-Novo,40,BJ,1600829305,88,6.5,2.6,78.8,9.17
Acapulco de Juárez,75,MX,1600828811,83,16.86,-99.89,84.2,11.41
Malanje,98,AO,1600828861,88,-9.54,16.34,65.52,6.49
Tiksi,62,RU,1600828764,58,71.69,128.87,48.33,19.24
Wanning,78,CN,1600828616,67,18.8,110.4,86.67,3.56
Asău,17,RO,1600828752,83,46.43,26.4,52.0,3.67
Nanortalik,0,GL,1600828628,76,60.14,-45.24,36.66,9.55
Kyrylivka,0,UA,1600829306,58,46.38,35.37,63.68,13.13
Diamantino,40,BR,1600829306,71,-14.41,-56.45,75.22,8.55
Aquiraz,20,BR,1600829307,78,-3.9,-38.39,78.8,12.75
Tāybād,0,IR,1600829307,36,34.74,60.78,58.14,20.2
Ugoofaaru,100,MV,1600828989,78,5.67,73.0,81.93,12.39
El Copé,100,PA,1600829307,77,8.62,-80.6,75.0,1.43
Juneau,90,US,1600829307,71,58.3,-134.42,53.6,8.05
Taksimo,61,RU,1600829308,67,56.34,114.88,52.77,1.77
Vao,2,NC,1600828813,78,-22.67,167.48,70.45,11.88
Qasigiannguit,0,GL,1600828993,73,68.82,-51.19,24.8,4.27
Lata,70,PT,1600828802,94,40.16,-8.33,64.99,3.31
Dvinskoy Bereznik,100,RU,1600829309,75,62.86,42.71,42.01,9.35
Constitución,100,CL,1600828543,77,-35.33,-72.42,53.73,7.85
Port Macquarie,0,AU,1600829310,31,-31.43,152.92,79.0,7.38
Saldanha,0,ZA,1600828754,81,-33.01,17.94,48.2,4.7
Nemuro,75,JP,1600828618,67,43.32,145.57,60.8,9.17
Sal Rei,40,CV,1600829313,83,16.18,-22.92,80.6,4.7
Bregenz,75,AT,1600829314,100,47.5,9.75,60.01,3.36
Lakes Entrance,28,AU,1600829314,44,-37.88,147.98,64.0,4.0
Portel,3,BR,1600829314,81,-1.94,-50.82,77.61,5.97
Point Pleasant,1,US,1600829315,58,40.08,-74.07,63.0,6.93
Yakeshi,80,CN,1600829316,77,49.28,120.73,51.76,10.16
Vardø,95,NO,1600828757,80,70.37,31.11,45.7,16.93
Atambua,27,ID,1600828764,46,-9.11,124.89,86.83,3.11
Manga,82,BF,1600829318,85,11.66,-1.07,73.87,2.71
Marzuq,99,YE,1600829318,32,14.4,46.47,76.23,2.53
Jaffna,61,LK,1600829318,75,9.67,80.01,83.44,13.53
Havelock,1,US,1600829096,81,34.88,-76.9,57.0,1.57
Paita,4,PE,1600828963,84,-5.09,-81.11,63.18,7.72
Gmina Lwówek Śląski,52,PL,1600828895,82,51.11,15.59,63.0,5.55
Havøysund,75,NO,1600828819,75,71.0,24.66,42.8,17.22
Le Mars,1,US,1600829319,68,42.79,-96.17,66.99,8.05
Tucupita,92,VE,1600829319,93,9.06,-62.05,75.51,2.95
Pangai,75,TO,1600829320,94,-19.8,-174.35,71.6,4.7
Ishigaki,20,JP,1600829320,74,24.34,124.16,84.2,6.93
Bethel,1,US,1600828752,76,41.37,-73.41,57.99,8.12
Québec,75,CA,1600829104,87,46.81,-71.21,53.01,4.7
Kiryat Gat,8,IL,1600828683,77,31.61,34.76,75.99,2.51
Kyra,0,RU,1600828979,49,49.58,111.98,49.93,5.06
Margate,27,GB,1600828948,69,51.38,1.39,64.0,4.0
Yulara,0,AU,1600828963,23,-25.24,130.99,73.4,14.99
Aksarka,99,RU,1600828847,88,66.56,67.8,36.3,12.33
Pochutla,0,MX,1600828778,87,15.74,-96.47,79.0,3.4
Touros,20,BR,1600828524,88,-5.2,-35.46,73.4,5.82
Mayumba,100,GA,1600829321,88,-3.43,10.66,74.52,8.1
Zapolyarnyy,71,RU,1600829322,74,69.42,30.81,37.4,24.16
Palu,96,ID,1600828957,76,-0.89,119.87,83.52,4.36
Burley,1,US,1600829322,42,42.54,-113.79,64.4,3.36
Holme,0,DK,1600829322,100,56.11,10.17,51.01,1.12
Siilinjärvi,87,FI,1600829323,70,63.08,27.67,46.4,5.82
Rundu,0,NA,1600828920,27,-17.93,19.77,65.93,6.33
Saint Anthony,1,US,1600828901,72,45.02,-93.22,70.0,5.48
Vestmannaeyjar,100,IS,1600828790,67,63.44,-20.27,41.63,9.17
Chabahar,57,IR,1600829324,41,25.29,60.64,78.8,11.41
Anadyr,32,RU,1600828800,61,64.75,177.48,48.2,11.18
Cusset,75,FR,1600829324,82,46.13,3.46,59.0,3.36
Farafangana,51,MG,1600828943,86,-22.82,47.83,69.04,13.38
Salym,98,RU,1600829324,83,60.06,71.48,39.29,13.69
Iranshahr,0,IR,1600829325,16,27.2,60.68,75.2,4.76
Trofarello,90,IT,1600829325,100,44.98,7.75,63.0,2.1
Bichena,97,ET,1600829325,89,10.45,38.2,51.42,2.82
Aswān,0,EG,1600828818,27,24.09,32.91,84.7,13.24
Yatou,100,CN,1600829326,58,37.15,122.38,71.46,6.82
Arraial do Cabo,100,BR,1600828847,87,-22.97,-42.03,67.62,16.46
Nantucket,1,US,1600829135,39,41.28,-70.1,62.6,20.8
Nyurba,0,RU,1600829326,50,63.28,118.33,56.8,5.14
Sampit,100,ID,1600829326,55,-2.53,112.95,89.13,4.23
Fertőd,100,HU,1600829327,87,47.62,16.89,60.8,10.25
Saint-Joseph,15,RE,1600829327,52,-21.37,55.62,66.2,6.93
Yangi Marg`ilon,7,UZ,1600828865,54,40.43,71.72,57.2,9.17
Tessalit,0,ML,1600829327,16,20.2,1.01,87.44,8.55
Erzin,6,TR,1600829328,85,36.96,36.2,77.0,1.48
Kinshasa,40,CD,1600829328,73,-4.32,15.32,77.0,6.93
Cabra,100,ES,1600828773,65,37.47,-4.44,64.99,3.91
Tilichiki,0,RU,1600828841,56,60.47,166.1,45.72,2.95
Mandalgovi,51,MN,1600828940,33,45.76,106.27,61.25,11.21
Yangcun,75,CN,1600828836,93,39.36,117.06,64.0,8.95
Reyes,25,BO,1600829329,59,-14.32,-67.38,70.07,2.04
Oriximiná,44,BR,1600829201,69,-1.77,-55.87,81.25,3.51
Rapid Valley,1,US,1600829331,48,44.06,-103.15,71.01,8.05
Narsaq,20,GL,1600828756,29,60.92,-46.05,33.8,12.75
Mathbaria,100,BD,1600829333,88,22.29,89.96,82.0,11.21
Montoro,80,ES,1600829334,82,38.02,-4.38,68.0,2.24
Broome,1,US,1600828755,62,42.25,-75.83,51.8,3.36
Nelson Bay,0,AU,1600828857,25,-32.72,152.15,75.0,27.51
Olafsvik,98,IS,1600828789,77,64.89,-23.71,39.45,28.9
Kindia,71,GN,1600829334,100,10.06,-12.87,68.92,2.28
Dīr,0,PK,1600829053,32,35.21,71.88,72.43,2.66
Salalah,75,OM,1600828792,94,17.02,54.09,78.8,5.82
Verāval,100,IN,1600828783,85,20.9,70.37,82.85,11.68
Huaiyuan,76,CN,1600829335,75,32.97,117.2,71.65,6.06
Hofn,93,IS,1600828774,66,64.25,-15.21,40.84,13.09
Belmonte,75,BR,1600828847,83,-15.86,-38.88,75.2,3.36
Bandarbeyla,14,SO,1600828789,67,9.49,50.81,78.75,22.01
Altus,40,US,1600829336,88,34.64,-99.33,66.99,4.7
Hue,20,VN,1600829303,66,16.47,107.6,87.8,4.7
Troitskoye,100,RU,1600829336,80,52.98,84.68,49.23,8.32
Leningradskiy,100,RU,1600828756,87,69.38,178.42,40.24,18.34
Inongo,1,CD,1600828760,94,-1.95,18.27,68.88,5.61
Warwick,75,US,1600828757,29,41.7,-71.42,60.8,10.29
Bubaque,46,GW,1600829337,81,11.28,-15.83,80.49,8.66
Ogōri-shimogō,75,JP,1600829337,54,34.1,131.4,78.8,5.82
Jalu,0,LY,1600828964,65,29.03,21.55,68.4,7.31
Ukiah,1,US,1600829089,28,39.15,-123.21,73.4,11.41
Namatanai,99,PG,1600829338,65,-3.67,152.43,85.32,7.54
Zhangjiakou Shi Xuanhua Qu,100,CN,1600829338,77,40.61,115.04,57.43,5.97
Omboué,100,GA,1600828774,86,-1.57,9.26,74.61,7.52
Shelburne,1,CA,1600829339,87,44.08,-80.2,60.01,2.24
Isangel,75,VU,1600828810,58,-19.55,169.27,82.4,9.17
Poya,0,NC,1600829339,52,-21.35,165.15,79.05,7.58
Ilhabela,99,BR,1600829262,86,-23.78,-45.36,65.05,11.63
Sungurlu,0,TR,1600829340,70,40.17,34.37,58.33,1.86
Balabac,96,PH,1600829340,68,7.99,117.06,86.4,8.59
Rørvik,100,NO,1600829340,82,64.86,11.24,51.84,19.66
Vila Franca do Campo,40,PT,1600829341,72,37.72,-25.43,68.0,4.7
Road Town,100,VG,1600829288,88,18.42,-64.62,82.99,3.0
Babati,57,TZ,1600829341,80,-4.22,35.75,60.93,2.93
Faya,67,SA,1600829341,12,18.39,42.45,64.4,7.78
Venado Tuerto,98,AR,1600829342,64,-33.75,-61.97,55.0,4.0
Pūranpur,68,IN,1600829342,84,28.52,80.15,80.4,8.99
Foumban,92,CM,1600829342,100,5.73,10.9,62.64,2.73
Bhisho,0,ZA,1600829342,42,-32.85,27.44,53.67,4.03
Tateyama,75,JP,1600829343,94,34.98,139.87,71.6,28.86
Lebedinyy,0,RU,1600829343,43,58.52,125.52,53.69,3.53
Sioux Lookout,5,CA,1600828903,87,50.1,-91.92,53.6,2.24
Hasaki,75,JP,1600828782,78,35.73,140.83,75.2,13.87
North Myrtle Beach,1,US,1600829344,93,33.82,-78.68,57.99,3.02
Berlevåg,100,NO,1600828765,79,70.86,29.09,46.24,12.39
Dakar,75,SN,1600829070,88,14.69,-17.44,82.4,2.24
Mincivan,86,AZ,1600829344,75,39.03,46.72,65.66,1.12
Plaisance-du-Touch,20,FR,1600829344,100,43.57,1.3,57.2,4.7
Tazovsky,100,RU,1600828829,91,67.47,78.7,39.67,7.85
Aklavik,75,CA,1600828774,87,68.22,-135.01,42.8,2.24
Kungurtug,1,RU,1600828783,41,50.6,97.52,58.66,1.45
Moose Factory,90,CA,1600829345,93,51.26,-80.61,55.4,11.41
Kayerkan,40,RU,1600829345,87,69.35,87.76,46.4,15.66
Teya,99,RU,1600828889,78,60.38,92.63,49.57,2.77
Soubre,98,CI,1600829346,97,5.79,-6.61,71.49,2.42
Synya,100,RU,1600829346,97,65.37,58.04,39.94,4.21
Verkhniy Naur,90,RU,1600829347,93,43.61,45.24,55.4,2.24
Zaragoza,40,ES,1600829347,77,41.66,-0.88,66.0,3.36
Hornepayne,49,CA,1600828817,94,49.21,-84.77,53.42,6.35
Coahuayana Viejo,100,MX,1600828799,84,18.73,-103.68,80.2,1.5
Guerrero Negro,0,MX,1600828903,61,27.98,-114.06,76.48,12.35
Sandviken,91,SE,1600829348,84,60.62,16.77,50.0,3.0
Newport,100,GB,1600828514,95,51.59,-3.0,60.01,1.01
El Campo,90,US,1600829348,94,29.2,-96.27,75.99,9.17
Price,1,US,1600829078,37,39.6,-110.81,69.8,2.55
Penzance,100,GB,1600828508,93,50.12,-5.54,59.0,13.87
Bonthe,59,SL,1600828829,88,7.53,-12.51,77.49,7.49
Oranjemund,0,NA,1600828950,27,-28.55,16.43,64.54,5.66
Sinjai,33,ID,1600829349,66,-5.12,120.25,86.0,11.05
Shimokizukuri,40,JP,1600829349,60,40.81,140.39,72.0,18.34
Kutum,13,SD,1600828940,58,14.2,24.67,76.78,4.43
Vallenar,0,CL,1600829353,45,-28.57,-70.76,62.8,0.96
Kokubu-matsuki,75,JP,1600829353,73,31.73,130.77,75.2,5.82
Sorong,6,ID,1600829196,75,-0.88,131.25,83.03,6.38
Klaksvík,91,FO,1600828757,93,62.23,-6.59,39.2,1.12
Ban Pong,68,TH,1600829354,69,13.82,99.88,86.54,2.13
Binga,0,ZW,1600829354,66,-17.62,27.34,67.03,5.3
Hāpur,40,IN,1600829080,83,28.72,77.78,86.0,4.7
Kurchum,100,KZ,1600829355,35,48.57,83.65,57.09,15.21
Gaogou,29,CN,1600829355,55,34.02,119.19,75.78,7.0
Kenai,90,US,1600828961,81,60.55,-151.26,50.0,14.99
Barra de Tecoanapa,21,MX,1600829355,81,16.52,-98.75,81.1,5.5
Suntar,0,RU,1600829356,46,62.14,117.63,57.34,6.49
Ranong,40,TH,1600828881,79,9.97,98.63,86.0,2.24
Sulphur,90,US,1600829356,100,30.24,-93.38,78.8,14.99
Santa Rosa,75,PH,1600828928,79,14.31,121.11,88.0,8.05
Halifax,100,CA,1600829087,99,44.65,-63.57,62.01,4.0
Boralday,75,KZ,1600829357,62,43.36,76.86,51.8,2.24
Golden,100,US,1600828762,32,39.76,-105.22,70.0,7.29
Louiseville,1,CA,1600829357,81,46.26,-72.94,53.01,5.23
Agüimes,99,ES,1600828930,83,27.91,-15.45,75.2,14.99
Harper,98,LR,1600828780,88,4.38,-7.72,75.76,10.8
Parsons,75,US,1600829357,100,37.34,-95.26,66.2,3.36
Bambanglipuro,61,ID,1600828813,53,-7.95,110.28,82.0,10.42
Colac,42,AU,1600829358,84,-38.33,143.58,52.0,1.99
Katsuura,75,JP,1600828643,88,35.13,140.3,73.0,12.75
Baloteşti,0,RO,1600829358,93,44.62,26.12,57.99,4.7
Aguada de Pasajeros,83,CU,1600829359,91,22.39,-80.85,74.53,6.2
Taltal,24,CL,1600829359,70,-25.4,-70.48,57.76,4.72
Hamilton,1,US,1600828578,87,39.18,-84.53,62.01,1.57
San Quintín,0,MX,1600829167,69,30.48,-115.95,72.61,11.97
Metetí,100,PA,1600829360,95,8.5,-77.98,75.25,0.49
Inverness,40,GB,1600829360,81,57.48,-4.22,46.4,8.05
Kamaishi,75,JP,1600829360,60,39.27,141.88,73.4,4.7
Orangeville,0,CA,1600829360,59,43.92,-80.1,63.0,11.5
Castro,67,BR,1600828663,86,-24.79,-50.01,50.85,11.56
Alta Floresta,100,BR,1600829361,96,-9.88,-56.09,71.33,4.47
Richards Bay,0,ZA,1600829361,78,-28.78,32.04,58.33,9.86
Candolim,75,IN,1600829362,88,15.52,73.76,80.6,11.41
Taloda,100,IN,1600829362,83,21.57,74.22,80.2,11.21
Chinsali,0,ZM,1600828980,64,-10.54,32.08,62.55,10.2
Taoudenni,0,ML,1600828843,16,22.68,-3.98,91.99,4.05
Kavaratti,48,IN,1600828769,79,10.57,72.64,81.66,18.37
Kaitangata,68,NZ,1600828776,79,-46.28,169.85,57.4,4.41
Komatipoort,0,ZA,1600829363,72,-25.43,31.95,59.0,6.93
Nokaneng,0,BW,1600829363,38,-19.67,22.27,69.12,10.98
Walvis Bay,3,NA,1600828886,93,-22.96,14.51,55.0,3.36
Paamiut,0,GL,1600829363,79,61.99,-49.67,32.9,8.48
Rocha,100,UY,1600828770,86,-34.48,-54.33,43.92,7.67
Praia,20,CV,1600829364,94,14.92,-23.51,78.8,8.05
Auki,90,SB,1600828981,69,-8.77,160.7,85.15,2.24
Ambikāpur,100,IN,1600829364,80,23.12,83.2,78.93,9.19
Kulhudhuffushi,100,MV,1600829364,77,6.62,73.07,82.06,15.32
Nānākuli,20,US,1600828990,45,21.39,-158.15,87.8,9.17
Bambous Virieux,75,MU,1600828885,88,-20.34,57.76,68.0,2.24
Vaitape,22,PF,1600828957,79,-16.52,-151.75,79.3,17.49
Alberton,100,CA,1600829365,92,46.82,-64.07,53.83,31.9
Cosalá,79,MX,1600829171,85,24.41,-106.69,84.99,4.0
Mersing,20,MY,1600829365,88,2.43,103.84,80.6,2.24
Beidao,0,CN,1600829366,57,34.57,105.89,68.14,0.78
Kargat,100,RU,1600829366,89,55.2,80.28,43.7,9.89
Grand-Santi,3,GF,1600828941,81,4.25,-54.38,75.52,3.13
Burnie,77,AU,1600828951,56,-41.07,145.92,59.0,11.99
Kikwit,13,CD,1600829366,87,-5.04,18.82,71.02,1.48
Mangochi,10,MW,1600829367,78,-14.48,35.26,66.0,7.94
Anamur,0,TR,1600829367,100,36.08,32.84,68.0,4.7
Gornji Milanovac,0,RS,1600829367,100,44.03,20.45,59.0,1.12
Lewistown,1,US,1600829368,48,40.6,-77.57,61.0,8.05
Lipin Bor,99,RU,1600829368,81,60.26,37.98,43.77,6.82
Coyhaique,90,CL,1600828854,75,-45.58,-72.07,42.8,2.24
Mareeba,1,AU,1600828835,65,-17.0,145.43,86.0,11.41
Mponela,0,MW,1600829368,89,-13.53,33.74,57.81,8.66
Ellenabad,2,IN,1600829369,53,29.45,74.65,90.5,6.78
Novikovo,34,RU,1600828848,68,51.15,37.89,50.76,3.87
Saint George,1,US,1600828882,15,37.1,-113.58,87.8,5.82
Hervey Bay,75,AU,1600829370,51,-25.3,152.85,84.2,5.82
Acaraú,0,BR,1600828811,82,-2.89,-40.12,76.71,16.71
Dejen,98,ET,1600829373,100,10.17,38.13,52.03,2.01
Pudozh,63,RU,1600828960,87,61.81,36.53,39.81,3.18
Benalla,75,AU,1600829088,71,-36.55,145.98,60.01,17.22
Esqueda,35,MX,1600829374,41,30.72,-109.58,73.87,4.23
Kirakira,57,SB,1600828966,78,-10.45,161.92,82.99,7.87
Kodīnar,100,IN,1600829374,87,20.79,70.7,82.13,14.16
Bissau,20,GW,1600829374,100,11.86,-15.6,77.0,3.36
Ostrovnoy,15,RU,1600829375,86,68.05,39.51,39.67,6.78
Eureka,98,US,1600829371,84,40.8,-124.16,61.0,3.18
Jakarta,14,ID,1600829375,62,-6.21,106.85,93.0,3.36
Alamogordo,1,US,1600829352,25,32.9,-105.96,78.8,9.17
Najrān,22,SA,1600829375,19,17.49,44.13,75.2,3.29
Borogontsy,47,RU,1600829376,46,62.67,131.17,56.46,1.99
Okhotsk,82,RU,1600828793,74,59.38,143.3,52.86,4.09
Puerto Escondido,75,MX,1600828963,69,15.85,-97.07,82.4,3.36
Eséka,100,CM,1600829376,96,3.65,10.77,71.49,1.63
Koslan,100,RU,1600829376,81,63.46,48.9,43.7,14.83
Abu Samrah,0,SY,1600828943,89,35.3,37.18,65.89,8.5
Jambi City,84,ID,1600829377,62,-1.6,103.62,87.21,2.64
Niamey,0,NE,1600829377,78,13.51,2.11,80.6,2.24
Yining,100,CN,1600829377,91,29.04,114.56,65.1,2.68
Laguna,1,US,1600828614,36,38.42,-121.42,77.0,8.05
Smidovich,100,RU,1600829378,84,48.6,133.82,53.62,7.87
Novoukrainskiy,0,RU,1600829378,51,44.9,38.05,59.0,4.47
The Valley,20,AI,1600829350,78,18.22,-63.06,84.0,2.24
Dekar,0,BW,1600829379,69,-21.53,21.93,59.27,11.25
Gbadolite,100,CD,1600829379,98,4.28,21.02,69.3,3.29
Alofi,90,NU,1600828810,88,-19.06,-169.92,71.6,8.05
Chernyshevskiy,0,RU,1600829379,65,63.01,112.47,51.22,7.92
Riohacha,100,CO,1600829380,87,11.54,-72.91,81.05,3.09
Alekseyevsk,28,RU,1600829380,70,57.84,108.35,50.29,2.91
Arlit,0,NE,1600828536,18,18.74,7.39,88.9,7.94
Kurumkan,0,RU,1600829380,57,54.3,110.3,50.72,3.04
Passo de Camaragibe,20,BR,1600829380,94,-9.24,-35.49,71.6,1.12
Montanha,91,BR,1600829381,90,-18.13,-40.36,70.54,5.14
Northam,100,GB,1600829381,95,51.03,-4.22,57.99,5.99
Kalengwa,0,ZM,1600829381,45,-13.47,25.0,63.1,7.14
Baker City,90,US,1600829382,42,44.77,-117.83,66.2,5.82
Beloha,39,MG,1600829382,67,-25.17,45.05,60.15,9.04
Carballo,20,ES,1600828968,88,43.21,-8.69,64.4,13.87
Bannu,0,PK,1600829382,22,32.99,70.6,89.46,2.24
Kabanjahe,96,ID,1600829382,79,3.1,98.49,73.29,0.72
Christchurch,0,NZ,1600828735,41,-43.53,172.63,75.2,10.29
Waingapu,25,ID,1600829305,46,-9.66,120.26,89.06,12.93
Casma,0,CL,1600829383,93,-41.01,-73.12,44.6,2.24
Svarstad,49,NO,1600829383,1,59.4,9.97,57.0,5.75
Aloleng,0,PH,1600828954,68,16.13,119.78,86.09,6.26
Yagodnoye,96,RU,1600829384,71,62.55,149.67,42.12,8.72
Beira,75,MZ,1600828883,73,-19.84,34.84,73.4,13.87
Bria,100,CF,1600829003,93,6.54,21.99,68.79,0.31
Mitú,94,CO,1600829384,96,1.2,-70.17,73.29,1.9
Pathein,100,MM,1600829385,86,16.78,94.73,81.48,3.69
Kholm,2,RU,1600829385,97,59.27,32.85,45.64,4.88
Huanren,100,CN,1600829385,58,41.26,125.37,69.26,2.1
Majene,96,ID,1600829386,63,-3.54,118.97,86.54,8.95
Westhoughton,100,GB,1600829386,89,53.55,-2.52,57.99,9.1
Darnah,0,LY,1600828979,76,32.77,22.64,73.94,11.36
Krasnosel'kup,97,RU,1600829387,75,65.7,82.47,43.21,18.54
Nouadhibou,0,MR,1600829387,83,20.93,-17.03,73.4,10.29
Bathsheba,40,BB,1600829376,83,13.22,-59.52,82.4,8.05
Gijang,75,KR,1600829387,56,35.24,129.21,73.4,14.99
Marsh Harbour,46,BS,1600828936,71,26.54,-77.06,79.18,20.62
Tambilil,40,PH,1600829388,59,5.96,124.67,89.6,2.24
Wajima,20,JP,1600829388,61,37.4,136.9,77.0,8.05
La Libertad,93,EC,1600829388,85,-2.23,-80.9,68.5,9.26
Inhambane,44,MZ,1600829389,72,-23.86,35.38,64.15,7.67
Severiano Melo,0,BR,1600829389,74,-5.78,-37.96,72.32,6.4
Bulgan,60,MN,1600828818,65,48.81,103.53,49.23,5.06
Wajir,32,KE,1600829393,84,1.75,40.06,72.37,9.31
Dzaoudzi,0,YT,1600829394,83,-12.79,45.27,77.0,5.82
Hokitika,82,NZ,1600829394,87,-42.72,170.97,58.78,2.42
Coaldale,40,CA,1600829108,87,49.72,-112.62,50.0,8.05
Marsá Maţrūḩ,20,EG,1600829394,77,31.35,27.25,69.8,8.21
Homer,90,US,1600828864,76,59.64,-151.55,51.8,11.41
Wad Rāwah,0,SD,1600829395,53,15.16,33.14,84.04,5.68
Lensk,0,RU,1600829002,56,60.73,114.93,57.67,5.73
Mineral Wells,90,US,1600829395,94,32.81,-98.11,69.01,5.82
Tataouine,90,TN,1600829395,23,32.93,10.45,86.0,2.24
Changde,100,CN,1600829396,85,29.05,111.68,66.92,6.11
Andenes,100,NO,1600829396,86,69.31,16.12,37.4,6.93
Lhokseumawe,95,ID,1600829296,67,5.18,97.15,84.69,5.35
Pashiya,67,RU,1600828816,88,58.43,58.26,40.78,13.73
Turaif,0,SA,1600829396,46,31.67,38.66,71.6,11.41
Sechura,10,PE,1600828934,84,-5.56,-80.82,63.27,9.91
Warrnambool,77,AU,1600829397,71,-38.38,142.48,53.01,8.99
Manutuke,76,NZ,1600829397,59,-38.68,177.92,62.26,11.81
Black River,20,JM,1600829397,74,18.03,-77.85,84.2,3.36
Mbouda,99,CM,1600829398,92,5.63,10.26,63.05,1.81
Bodden Town,100,KY,1600829398,79,19.28,-81.25,84.0,4.0
Tobermory,0,CA,1600829398,86,45.25,-81.67,60.57,11.65
Golyshmanovo,100,RU,1600829399,89,56.4,68.37,41.13,20.74
Miramas,75,FR,1600829399,93,43.58,5.0,64.4,5.82
Lircay,5,PE,1600829399,73,-12.99,-74.72,49.28,4.29
Springbok,0,ZA,1600829399,32,-29.66,17.89,54.37,7.56
Zonguldak,0,TR,1600829400,92,41.25,31.83,56.46,2.15
San Francisco,20,US,1600828933,68,37.77,-122.42,66.99,10.29
Tautira,40,PF,1600828806,58,-17.73,-149.15,84.2,14.99
Aljezur,90,PT,1600829400,95,37.32,-8.8,64.99,1.01
Gigmoto,66,PH,1600829400,67,13.78,124.39,86.63,3.8
Makakilo City,20,US,1600829148,45,21.35,-158.09,87.8,9.17
Kushmurun,100,KZ,1600829401,77,52.45,64.63,50.79,24.23
Stromness,92,GB,1600829401,87,58.97,-3.3,44.6,8.05
Seminole,1,US,1600829402,73,28.71,-81.21,75.0,6.93
Bāglung,100,NP,1600829402,80,28.27,83.59,70.12,1.68
Tukan,100,RU,1600829402,94,53.84,57.46,48.56,15.73
Brasília de Minas,79,BR,1600829403,82,-16.21,-44.43,68.04,8.63
Santa Maria,1,BR,1600829403,81,-29.68,-53.81,53.6,8.05
Cervo,97,ES,1600829403,88,43.67,-7.41,62.01,13.0
Nouakchott,0,MR,1600828830,83,18.09,-15.98,80.6,8.05
Manado,40,ID,1600829404,62,1.49,124.85,89.6,3.36
